id,timestamp,time,open,high,low,close,adt,vol,vol_color,vol_ma,Basis,Upper,Lower
0,"2017-09-07 21:00:00",1504818000,108.426,108.486,107.318,107.836,386097,386097,386097,386097,109.44955000000009,109.44955000000009,109.44955000000009
1,"2017-09-10 21:00:00",1505077200,108.168,109.506,108.128,109.392,277477,277477,277477,277477,109.43655000000008,109.43655000000008,109.43655000000008
2,"2017-09-11 21:00:00",1505163600,109.392,110.255,109.239,110.15,291107,291107,291107,291107,109.4109500000001,109.4109500000001,109.4109500000001
3,"2017-09-12 21:00:00",1505250000,110.15,110.691,109.903,110.484,266209,266209,266209,266209,109.4256000000001,109.4256000000001,109.4256000000001
4,"2017-09-13 21:00:00",1505336400,110.484,111.042,110.06,110.214,319687,319687,319687,319687,109.4586500000001,109.4586500000001,109.4586500000001
5,"2017-09-14 21:00:00",1505422800,110.214,111.335,109.546,110.83,353736,353736,353736,353736,109.5402000000001,109.5402000000001,109.5402000000001
6,"2017-09-17 21:00:00",1505682000,111.054,111.663,110.993,111.57,232532,232532,232532,232532,109.6708000000001,109.6708000000001,109.6708000000001
7,"2017-09-18 21:00:00",1505768400,111.57,111.881,111.201,111.588,315467,315467,315467,315467,109.7726000000001,109.7726000000001,109.7726000000001
8,"2017-09-19 21:00:00",1505854800,111.588,112.532,111.096,112.21,307044,307044,307044,307044,109.9315000000001,109.9315000000001,109.9315000000001
9,"2017-09-20 21:00:00",1505941200,112.21,112.717,112.135,112.456,290932,290932,290932,290932,110.07680000000009,110.07680000000009,110.07680000000009
10,"2017-09-21 21:00:00",1506027600,112.456,112.556,111.653,111.99,260935,260935,260935,260935,110.21020000000007,110.21020000000007,110.21020000000007
11,"2017-09-24 21:00:00",1506286800,112.148,112.531,111.474,111.722,308039,308039,308039,308039,110.33470000000008,110.33470000000008,110.33470000000008
12,"2017-09-25 21:00:00",1506373200,111.722,112.481,111.498,112.21,282812,282812,282812,282812,110.4584000000001,110.4584000000001,110.4584000000001
13,"2017-09-26 21:00:00",1506459600,112.21,113.257,112.21,112.808,333153,333153,333153,333153,110.58740000000009,110.58740000000009,110.58740000000009
14,"2017-09-27 21:00:00",1506546000,112.808,113.211,112.254,112.322,318835,318835,318835,318835,110.7055000000001,110.7055000000001,110.7055000000001
15,"2017-09-28 21:00:00",1506632400,112.322,112.737,112.213,112.464,254814,254814,254814,254814,110.81730000000009,110.81730000000009,110.81730000000009
16,"2017-10-01 21:00:00",1506891600,112.646,113.058,112.436,112.738,243698,243698,243698,243698,110.96940000000009,110.96940000000009,110.96940000000009
17,"2017-10-02 21:00:00",1506978000,112.738,113.196,112.662,112.844,231567,231567,231567,231567,111.17160000000008,111.17160000000008,111.17160000000008
18,"2017-10-03 21:00:00",1507064400,112.844,112.937,112.323,112.75,242086,242086,242086,242086,111.35020000000009,111.35020000000009,111.35020000000009
19,"2017-10-04 21:00:00",1507150800,112.75,112.92,112.412,112.804,211926,211926,211926,211926,111.56910000000009,111.56910000000009,111.56910000000009
20,"2017-10-05 21:00:00",1507237200,112.804,113.44,112.6,112.6,252933,252933,252933,252933,111.8073000000001,111.8073000000001,111.8073000000001
21,"2017-10-08 21:00:00",1507496400,112.558,112.747,112.33,112.674,146206,146206,146206,146206,111.9714000000001,111.9714000000001,111.9714000000001
22,"2017-10-09 21:00:00",1507582800,112.674,112.827,111.989,112.438,208549,208549,208549,208549,112.0858000000001,112.0858000000001,112.0858000000001
23,"2017-10-10 21:00:00",1507669200,112.438,112.586,112.08,112.472,212880,212880,212880,212880,112.18520000000012,112.18520000000012,112.18520000000012
24,"2017-10-11 21:00:00",1507755600,112.472,112.521,112.126,112.272,204507,204507,204507,204507,112.28810000000013,112.28810000000013,112.28810000000013
25,"2017-10-12 21:00:00",1507842000,112.272,112.305,111.687,111.826,236540,236540,236540,236540,112.33790000000013,112.33790000000013,112.33790000000013
26,"2017-10-15 21:00:00",1508101200,111.748,112.288,111.653,112.182,184956,184956,184956,184956,112.36850000000011,112.36850000000011,112.36850000000011
27,"2017-10-16 21:00:00",1508187600,112.182,112.481,112.036,112.185,206921,206921,206921,206921,112.3983500000001,112.3983500000001,112.3983500000001
28,"2017-10-17 21:00:00",1508274000,112.185,113.052,112.136,112.922,216218,216218,216218,216218,112.4339500000001,112.4339500000001,112.4339500000001
29,"2017-10-18 21:00:00",1508360400,112.922,113.147,112.296,112.534,281362,281362,281362,281362,112.4378500000001,112.4378500000001,112.4378500000001
30,"2017-10-19 21:00:00",1508446800,112.534,113.57,112.513,113.508,277430,277430,277430,277430,112.5137500000001,112.5137500000001,112.5137500000001
31,"2017-10-22 21:00:00",1508706000,113.864,114.1,113.245,113.436,253330,253330,253330,253330,112.59945000000009,112.59945000000009,112.59945000000009
32,"2017-10-23 21:00:00",1508792400,113.436,114.022,113.249,113.89,277126,277126,277126,277126,112.68345000000008,112.68345000000008,112.68345000000008
33,"2017-10-24 21:00:00",1508878800,113.89,114.245,113.48,113.736,333196,333196,333196,333196,112.72985000000008,112.72985000000008,112.72985000000008
34,"2017-10-25 21:00:00",1508965200,113.736,114.081,113.342,113.97,305916,305916,305916,305916,112.81225000000006,112.81225000000006,112.81225000000006
35,"2017-10-26 21:00:00",1509051600,113.97,114.453,113.635,113.635,319999,319999,319999,319999,112.87080000000007,112.87080000000007,112.87080000000007
36,"2017-10-29 21:00:00",1509310800,113.723,113.836,113.026,113.17,236277,236277,236277,236277,112.8924000000001,112.8924000000001,112.8924000000001
37,"2017-10-30 21:00:00",1509397200,113.17,113.732,112.958,113.622,236660,236660,236660,236660,112.93130000000008,112.93130000000008,112.93130000000008
38,"2017-10-31 21:00:00",1509483600,113.622,114.28,113.602,114.178,279702,279702,279702,279702,113.00270000000008,113.00270000000008,113.00270000000008
39,"2017-11-01 21:00:00",1509570000,114.178,114.218,113.538,114.084,299298,299298,299298,299298,113.06670000000005,113.06670000000005,113.06670000000005
40,"2017-11-02 21:00:00",1509656400,114.084,114.427,113.62,114.042,208683,208683,208683,208683,113.13880000000006,113.13880000000006,113.13880000000006
41,"2017-11-05 22:00:00",1509919200,114.001,114.737,113.696,113.698,238605,238605,238605,238605,113.19000000000005,113.19000000000005,113.19000000000005
42,"2017-11-06 22:00:00",1510005600,113.698,114.342,113.698,114.002,216651,216651,216651,216651,113.26820000000005,113.26820000000005,113.26820000000005
43,"2017-11-07 22:00:00",1510092000,114.002,114.008,113.395,113.866,221711,221711,221711,221711,113.33790000000003,113.33790000000003,113.33790000000003
44,"2017-11-08 22:00:00",1510178400,113.866,114.068,113.091,113.454,330217,330217,330217,330217,113.39700000000005,113.39700000000005,113.39700000000005
45,"2017-11-09 22:00:00",1510264800,113.454,113.635,113.221,113.505,248762,248762,248762,248762,113.48095000000005,113.48095000000005,113.48095000000005
46,"2017-11-12 22:00:00",1510524000,113.454,113.713,113.245,113.62,199856,199856,199856,199856,113.55285000000006,113.55285000000006,113.55285000000006
47,"2017-11-13 22:00:00",1510610400,113.62,113.912,113.308,113.45,220860,220860,220860,220860,113.61610000000005,113.61610000000005,113.61610000000005
48,"2017-11-14 22:00:00",1510696800,113.45,113.496,112.476,112.876,330784,330784,330784,330784,113.61380000000005,113.61380000000005,113.61380000000005
49,"2017-11-15 22:00:00",1510783200,112.876,113.333,112.734,113.042,237142,237142,237142,237142,113.63920000000005,113.63920000000005,113.63920000000005
50,"2017-11-16 22:00:00",1510869600,113.042,113.143,111.945,112.085,271126,271126,271126,271126,113.56805000000006,113.56805000000006,113.56805000000006
51,"2017-11-19 22:00:00",1511128800,112.119,112.718,111.886,112.614,279401,279401,279401,279401,113.52695000000006,113.52695000000006,113.52695000000006
52,"2017-11-20 22:00:00",1511215200,112.614,112.705,112.174,112.435,225418,225418,225418,225418,113.45420000000006,113.45420000000006,113.45420000000006
53,"2017-11-21 22:00:00",1511301600,112.435,112.493,111.142,111.208,246488,246488,246488,246488,113.32780000000007,113.32780000000007,113.32780000000007
54,"2017-11-22 22:00:00",1511388000,111.208,111.381,111.068,111.199,158834,158834,158834,158834,113.18925000000009,113.18925000000009,113.18925000000009
55,"2017-11-23 22:00:00",1511474400,111.199,111.622,111.194,111.501,192085,192085,192085,192085,113.08255000000008,113.08255000000008,113.08255000000008
56,"2017-11-26 22:00:00",1511733600,111.488,111.692,110.842,111.082,259013,259013,259013,259013,112.97815000000007,112.97815000000007,112.97815000000007
57,"2017-11-27 22:00:00",1511820000,111.082,111.641,110.931,111.465,284691,284691,284691,284691,112.87030000000009,112.87030000000009,112.87030000000009
58,"2017-11-28 22:00:00",1511906400,111.465,112.151,111.375,111.906,302952,302952,302952,302952,112.7567000000001,112.7567000000001,112.7567000000001
59,"2017-11-29 22:00:00",1511992800,111.906,112.64,111.735,112.536,301146,301146,301146,301146,112.6793000000001,112.6793000000001,112.6793000000001
60,"2017-11-30 22:00:00",1512079200,112.536,112.875,111.405,112.164,482735,482735,482735,482735,112.58540000000012,112.58540000000012,112.58540000000012
61,"2017-12-03 22:00:00",1512338400,112.796,113.09,112.365,112.4,319389,319389,319389,319389,112.52050000000013,112.52050000000013,112.52050000000013
62,"2017-12-04 22:00:00",1512424800,112.4,112.869,112.378,112.579,266957,266957,266957,266957,112.44935000000014,112.44935000000014,112.44935000000014
63,"2017-12-05 22:00:00",1512511200,112.579,112.633,111.992,112.284,282532,282532,282532,282532,112.37025000000014,112.37025000000014,112.37025000000014
64,"2017-12-06 22:00:00",1512597600,112.284,113.158,112.219,113.082,259786,259786,259786,259786,112.35165000000013,112.35165000000013,112.35165000000013
65,"2017-12-07 22:00:00",1512684000,113.082,113.59,113.077,113.448,229189,229189,229189,229189,112.34880000000013,112.34880000000013,112.34880000000013
66,"2017-12-10 22:00:00",1512943200,113.52,113.69,113.243,113.545,209973,209973,209973,209973,112.34505000000013,112.34505000000013,112.34505000000013
67,"2017-12-11 22:00:00",1513029600,113.545,113.752,113.371,113.548,176479,176479,176479,176479,112.34995000000012,112.34995000000012,112.34995000000012
68,"2017-12-12 22:00:00",1513116000,113.548,113.575,112.46,112.526,259369,259369,259369,259369,112.33245000000011,112.33245000000011,112.33245000000011
69,"2017-12-13 22:00:00",1513202400,112.526,112.885,112.064,112.38,241803,241803,241803,241803,112.29935000000012,112.29935000000012,112.29935000000012
70,"2017-12-14 22:00:00",1513288800,112.38,112.744,112.032,112.581,230507,230507,230507,230507,112.32415000000012,112.32415000000012,112.32415000000012
71,"2017-12-17 22:00:00",1513548000,112.718,112.832,112.31,112.538,199497,199497,199497,199497,112.32035000000012,112.32035000000012,112.32035000000012
72,"2017-12-18 22:00:00",1513634400,112.538,113.079,112.511,112.884,191222,191222,191222,191222,112.34280000000012,112.34280000000012,112.34280000000012
73,"2017-12-19 22:00:00",1513720800,112.884,113.466,112.839,113.385,197541,197541,197541,197541,112.45165000000013,112.45165000000013,112.45165000000013
74,"2017-12-20 22:00:00",1513807200,113.385,113.638,113.199,113.315,188633,188633,188633,188633,112.55745000000013,112.55745000000013,112.55745000000013
75,"2017-12-21 22:00:00",1513893600,113.315,113.448,113.24,113.265,174381,174381,174381,174381,112.64565000000012,112.64565000000012,112.64565000000012
76,"2017-12-25 22:00:00",1514239200,113.265,113.332,113.119,113.226,126941,126941,126941,126941,112.75285000000012,112.75285000000012,112.75285000000012
77,"2017-12-26 22:00:00",1514325600,113.226,113.383,113.147,113.34,207574,207574,207574,207574,112.84660000000012,112.84660000000012,112.84660000000012
78,"2017-12-27 22:00:00",1514412000,113.34,113.344,112.662,112.856,188295,188295,188295,188295,112.89410000000012,112.89410000000012,112.89410000000012
79,"2017-12-28 22:00:00",1514498400,112.856,112.969,112.472,112.651,195780,195780,195780,195780,112.8998500000001,112.8998500000001,112.8998500000001
80,"2017-12-31 22:00:00",1514757600,112.651,112.651,112.594,112.594,2,2,2,2,112.9213500000001,112.9213500000001,112.9213500000001
81,"2018-01-01 22:00:00",1514844000,112.594,112.792,112.055,112.273,176504,176504,176504,176504,112.9150000000001,112.9150000000001,112.9150000000001
82,"2018-01-02 22:00:00",1514930400,112.273,112.608,112.172,112.502,174543,174543,174543,174543,112.91115000000009,112.91115000000009,112.91115000000009
83,"2018-01-03 22:00:00",1515016800,112.502,112.864,112.461,112.734,204605,204605,204605,204605,112.93365000000009,112.93365000000009,112.93365000000009
84,"2018-01-04 22:00:00",1515103200,112.734,113.303,112.717,113.018,197295,197295,197295,197295,112.93045000000009,112.93045000000009,112.93045000000009
85,"2018-01-07 22:00:00",1515362400,113.127,113.387,112.881,113.082,154132,154132,154132,154132,112.91215000000008,112.91215000000008,112.91215000000008
86,"2018-01-08 22:00:00",1515448800,113.082,113.18,112.366,112.635,231600,231600,231600,231600,112.86665000000009,112.86665000000009,112.86665000000009
87,"2018-01-09 22:00:00",1515535200,112.635,112.785,111.271,111.424,299397,299397,299397,299397,112.76045000000008,112.76045000000008,112.76045000000008
88,"2018-01-10 22:00:00",1515621600,111.424,111.876,111.044,111.244,253170,253170,253170,253170,112.6963500000001,112.6963500000001,112.6963500000001
89,"2018-01-11 22:00:00",1515708000,111.244,111.699,110.913,110.996,280545,280545,280545,280545,112.6271500000001,112.6271500000001,112.6271500000001
90,"2018-01-14 22:00:00",1515967200,111.083,111.184,110.328,110.525,244319,244319,244319,244319,112.5243500000001,112.5243500000001,112.5243500000001
91,"2018-01-15 22:00:00",1516053600,110.525,110.983,110.246,110.438,266884,266884,266884,266884,112.4193500000001,112.4193500000001,112.4193500000001
92,"2018-01-16 22:00:00",1516140000,110.438,111.347,110.192,111.264,294803,294803,294803,294803,112.3383500000001,112.3383500000001,112.3383500000001
93,"2018-01-17 22:00:00",1516226400,111.264,111.482,110.692,111.092,284427,284427,284427,284427,112.2237000000001,112.2237000000001,112.2237000000001
94,"2018-01-18 22:00:00",1516312800,111.092,111.131,110.49,110.814,263501,263501,263501,263501,112.09865000000009,112.09865000000009,112.09865000000009
95,"2018-01-21 22:00:00",1516572000,110.551,111.224,110.512,110.92,219910,219910,219910,219910,111.9814000000001,111.9814000000001,111.9814000000001
96,"2018-01-22 22:00:00",1516658400,110.92,111.179,110.252,110.3,263569,263569,263569,263569,111.8351000000001,111.8351000000001,111.8351000000001
97,"2018-01-23 22:00:00",1516744800,110.3,110.337,108.968,109.218,316080,316080,316080,316080,111.62900000000009,111.62900000000009,111.62900000000009
98,"2018-01-24 22:00:00",1516831200,109.218,109.703,108.5,109.402,460700,460700,460700,460700,111.4563000000001,111.4563000000001,111.4563000000001
99,"2018-01-25 22:00:00",1516917600,109.402,109.771,108.282,108.589,392483,392483,392483,392483,111.2532000000001,111.2532000000001,111.2532000000001
100,"2018-01-28 22:00:00",1517176800,108.685,109.203,108.51,108.95,316900,316900,316900,316900,111.0710000000001,111.0710000000001,111.0710000000001
101,"2018-01-29 22:00:00",1517263200,108.95,109.205,108.414,108.774,337551,337551,337551,337551,110.89605000000009,110.89605000000009,110.89605000000009
102,"2018-01-30 22:00:00",1517349600,108.774,109.448,108.596,109.188,363229,363229,363229,363229,110.73035000000009,110.73035000000009,110.73035000000009
103,"2018-01-31 22:00:00",1517436000,109.188,109.751,109.094,109.382,322025,322025,322025,322025,110.5627500000001,110.5627500000001,110.5627500000001
104,"2018-02-01 22:00:00",1517522400,109.382,110.483,109.281,110.152,398671,398671,398671,398671,110.4194500000001,110.4194500000001,110.4194500000001
105,"2018-02-04 22:00:00",1517781600,110.181,110.286,108.992,109.062,470651,470651,470651,470651,110.2184500000001,110.2184500000001,110.2184500000001
106,"2018-02-05 22:00:00",1517868000,109.062,109.654,108.456,109.554,746599,746599,746599,746599,110.06440000000009,110.06440000000009,110.06440000000009
107,"2018-02-06 22:00:00",1517954400,109.554,109.712,108.919,109.302,425595,425595,425595,425595,109.9583000000001,109.9583000000001,109.9583000000001
108,"2018-02-07 22:00:00",1518040800,109.302,109.784,108.58,108.736,562927,562927,562927,562927,109.83290000000008,109.83290000000008,109.83290000000008
109,"2018-02-08 22:00:00",1518127200,108.736,109.31,108.046,108.77,678414,678414,678414,678414,109.72160000000008,109.72160000000008,109.72160000000008
110,"2018-02-11 22:00:00",1518386400,108.842,108.885,108.436,108.641,359739,359739,359739,359739,109.62740000000008,109.62740000000008,109.62740000000008
111,"2018-02-12 22:00:00",1518472800,108.641,108.781,107.408,107.81,371279,371279,371279,371279,109.49600000000007,109.49600000000007,109.49600000000007
112,"2018-02-13 22:00:00",1518559200,107.81,107.903,106.723,106.995,457407,457407,457407,457407,109.28255000000006,109.28255000000006,109.28255000000006
113,"2018-02-14 22:00:00",1518645600,106.995,107,106.035,106.118,848474,848474,848474,848474,109.03385000000006,109.03385000000006,109.03385000000006
114,"2018-02-15 22:00:00",1518732000,106.118,106.399,105.55,106.272,369572,369572,369572,369572,108.80675000000005,108.80675000000005,108.80675000000005
115,"2018-02-18 22:00:00",1518991200,106.328,106.727,106.096,106.58,210702,210702,210702,210702,108.58975000000005,108.58975000000005,108.58975000000005
116,"2018-02-19 22:00:00",1519077600,106.58,107.379,106.557,107.322,257966,257966,257966,257966,108.44085000000004,108.44085000000004,108.44085000000004
117,"2018-02-20 22:00:00",1519164000,107.322,107.907,107.278,107.77,320634,320634,320634,320634,108.36845000000005,108.36845000000005,108.36845000000005
118,"2018-02-21 22:00:00",1519250400,107.77,107.773,106.594,106.742,302282,302282,302282,302282,108.23545000000006,108.23545000000006,108.23545000000006
119,"2018-02-22 22:00:00",1519336800,106.742,107.134,106.512,106.858,226943,226943,226943,226943,108.14890000000007,108.14890000000007,108.14890000000007
120,"2018-02-25 22:00:00",1519596000,107.194,107.194,106.376,106.907,266721,266721,266721,266721,108.04675000000009,108.04675000000009,108.04675000000009
121,"2018-02-26 22:00:00",1519682400,106.907,107.676,106.784,107.32,284055,284055,284055,284055,107.9740500000001,107.9740500000001,107.9740500000001
122,"2018-02-27 22:00:00",1519768800,107.32,107.528,106.565,106.661,280668,280668,280668,280668,107.8477000000001,107.8477000000001,107.8477000000001
123,"2018-02-28 22:00:00",1519855200,106.661,107.205,106.162,106.22,320867,320867,320867,320867,107.68960000000008,107.68960000000008,107.68960000000008
124,"2018-03-01 22:00:00",1519941600,106.22,106.3,105.25,105.712,321213,321213,321213,321213,107.46760000000009,107.46760000000009,107.46760000000009
125,"2018-03-04 22:00:00",1520200800,105.444,106.238,105.351,106.204,278880,278880,278880,278880,107.32470000000009,107.32470000000009,107.32470000000009
126,"2018-03-05 22:00:00",1520287200,106.204,106.463,105.852,106.13,256562,256562,256562,256562,107.1535000000001,107.1535000000001,107.1535000000001
127,"2018-03-06 22:00:00",1520373600,106.13,106.229,105.456,106.059,310462,310462,310462,310462,106.9913500000001,106.9913500000001,106.9913500000001
128,"2018-03-07 22:00:00",1520460000,106.059,106.315,105.892,106.193,235072,235072,235072,235072,106.86420000000012,106.86420000000012,106.86420000000012
129,"2018-03-08 22:00:00",1520546400,106.193,107.05,106.15,106.814,262542,262542,262542,262542,106.76640000000012,106.76640000000012,106.76640000000012
130,"2018-03-11 21:00:00",1520802000,106.632,106.972,106.31,106.41,205085,205085,205085,205085,106.6548500000001,106.6548500000001,106.6548500000001
131,"2018-03-12 21:00:00",1520888400,106.41,107.293,106.254,106.564,335624,335624,335624,335624,106.5925500000001,106.5925500000001,106.5925500000001
132,"2018-03-13 21:00:00",1520974800,106.564,106.749,106.064,106.314,295920,295920,295920,295920,106.5585000000001,106.5585000000001,106.5585000000001
133,"2018-03-14 21:00:00",1521061200,106.314,106.415,105.785,106.327,290687,290687,290687,290687,106.56895000000011,106.56895000000011,106.56895000000011
134,"2018-03-15 21:00:00",1521147600,106.327,106.374,105.602,105.953,274256,274256,274256,274256,106.55300000000011,106.55300000000011,106.55300000000011
135,"2018-03-18 21:00:00",1521406800,105.909,106.308,105.677,106.084,304815,304815,304815,304815,106.52820000000011,106.52820000000011,106.52820000000011
136,"2018-03-19 21:00:00",1521493200,106.084,106.608,105.929,106.528,305280,305280,305280,305280,106.48850000000009,106.48850000000009,106.48850000000009
137,"2018-03-20 21:00:00",1521579600,106.528,106.64,105.881,106.046,296027,296027,296027,296027,106.40230000000008,106.40230000000008,106.40230000000008
138,"2018-03-21 21:00:00",1521666000,106.046,106.089,105.26,105.27,910878,910878,910878,910878,106.32870000000007,106.32870000000007,106.32870000000007
139,"2018-03-22 21:00:00",1521752400,105.27,105.411,104.636,104.712,566728,566728,566728,566728,106.22140000000006,106.22140000000006,106.22140000000006
140,"2018-03-25 21:00:00",1522011600,104.641,105.482,104.629,105.396,313739,313739,313739,313739,106.14585000000007,106.14585000000007,106.14585000000007
141,"2018-03-26 21:00:00",1522098000,105.396,105.903,105.316,105.328,336064,336064,336064,336064,106.04625000000006,106.04625000000006,106.04625000000006
142,"2018-03-27 21:00:00",1522184400,105.328,107.012,105.325,106.842,440459,440459,440459,440459,106.05530000000006,106.05530000000006,106.05530000000006
143,"2018-03-28 21:00:00",1522270800,106.842,106.933,106.267,106.418,605674,605674,605674,605674,106.06520000000008,106.06520000000008,106.06520000000008
144,"2018-03-29 21:00:00",1522357200,106.418,106.537,106.122,106.26,177827,177827,177827,177827,106.09260000000009,106.09260000000009,106.09260000000009
145,"2018-04-01 21:00:00",1522616400,106.26,106.45,105.657,105.877,264853,264853,264853,264853,106.07625000000007,106.07625000000007,106.07625000000007
146,"2018-04-02 21:00:00",1522702800,105.877,106.658,105.693,106.6,332136,332136,332136,332136,106.09975000000006,106.09975000000006,106.09975000000006
147,"2018-04-03 21:00:00",1522789200,106.6,106.848,105.99,106.774,436259,436259,436259,436259,106.13550000000005,106.13550000000005,106.13550000000005
148,"2018-04-04 21:00:00",1522875600,106.774,107.493,106.711,107.374,716592,716592,716592,716592,106.19455000000002,106.19455000000002,106.19455000000002
149,"2018-04-05 21:00:00",1522962000,107.374,107.462,106.776,106.915,511269,511269,511269,511269,106.19960000000003,106.19960000000003,106.19960000000003
150,"2018-04-08 21:00:00",1523221200,106.937,107.203,106.616,106.754,346286,346286,346286,346286,106.21680000000003,106.21680000000003,106.21680000000003
151,"2018-04-09 21:00:00",1523307600,106.754,107.399,106.619,107.188,410928,410928,410928,410928,106.24800000000005,106.24800000000005,106.24800000000005
152,"2018-04-10 21:00:00",1523394000,107.188,107.253,106.65,106.782,379557,379557,379557,379557,106.27140000000006,106.27140000000006,106.27140000000006
153,"2018-04-11 21:00:00",1523480400,106.782,107.43,106.7,107.302,369528,369528,369528,369528,106.32015000000006,106.32015000000006,106.32015000000006
154,"2018-04-12 21:00:00",1523566800,107.302,107.78,107.204,107.338,358554,358554,358554,358554,106.38940000000007,106.38940000000007,106.38940000000007
155,"2018-04-15 21:00:00",1523826000,107.338,107.609,107.035,107.106,300370,300370,300370,300370,106.44050000000007,106.44050000000007,106.44050000000007
156,"2018-04-16 21:00:00",1523912400,107.106,107.213,106.882,106.991,278417,278417,278417,278417,106.46365000000007,106.46365000000007,106.46365000000007
157,"2018-04-17 21:00:00",1523998800,106.991,107.386,106.984,107.225,298791,298791,298791,298791,106.52260000000008,106.52260000000008,106.52260000000008
158,"2018-04-18 21:00:00",1524085200,107.225,107.517,107.181,107.358,657796,657796,657796,657796,106.6270000000001,106.6270000000001,106.6270000000001
159,"2018-04-19 21:00:00",1524171600,107.358,107.856,107.352,107.616,369350,369350,369350,369350,106.77220000000008,106.77220000000008,106.77220000000008
160,"2018-04-22 21:00:00",1524430800,107.77,108.754,107.659,108.7,331999,331999,331999,331999,106.93740000000007,106.93740000000007,106.93740000000007
161,"2018-04-23 21:00:00",1524517200,108.7,109.202,108.543,108.808,385226,385226,385226,385226,107.11140000000007,107.11140000000007,107.11140000000007
162,"2018-04-24 21:00:00",1524603600,108.808,109.456,108.783,109.418,406543,406543,406543,406543,107.24020000000007,107.24020000000007,107.24020000000007
163,"2018-04-25 21:00:00",1524690000,109.418,109.467,109.065,109.294,367803,367803,367803,367803,107.38400000000006,107.38400000000006,107.38400000000006
164,"2018-04-26 21:00:00",1524776400,109.294,109.539,108.966,109.022,348473,348473,348473,348473,107.52210000000005,107.52210000000005,107.52210000000005
165,"2018-04-29 21:00:00",1525035600,109.063,109.452,109.02,109.326,286083,286083,286083,286083,107.69455000000005,107.69455000000005,107.69455000000005
166,"2018-04-30 21:00:00",1525122000,109.326,109.89,109.234,109.862,316057,316057,316057,316057,107.85765000000006,107.85765000000006,107.85765000000006
167,"2018-05-01 21:00:00",1525208400,109.862,110.036,109.594,109.826,375630,375630,375630,375630,108.01025000000007,108.01025000000007,108.01025000000007
168,"2018-05-02 21:00:00",1525294800,109.826,109.884,108.929,109.18,398724,398724,398724,398724,108.10055000000007,108.10055000000007,108.10055000000007
169,"2018-05-03 21:00:00",1525381200,109.18,109.274,108.646,109.056,329053,329053,329053,329053,108.20760000000007,108.20760000000007,108.20760000000007
170,"2018-05-06 21:00:00",1525640400,109.108,109.398,108.757,109.09,279834,279834,279834,279834,108.32440000000008,108.32440000000008,108.32440000000008
171,"2018-05-07 21:00:00",1525726800,109.09,109.352,108.828,109.126,357688,357688,357688,357688,108.42130000000009,108.42130000000009,108.42130000000009
172,"2018-05-08 21:00:00",1525813200,109.126,109.833,108.996,109.744,359258,359258,359258,359258,108.56940000000009,108.56940000000009,108.56940000000009
173,"2018-05-09 21:00:00",1525899600,109.744,110.019,109.316,109.388,384495,384495,384495,384495,108.67370000000008,108.67370000000008,108.67370000000008
174,"2018-05-10 21:00:00",1525986000,109.388,109.568,109.152,109.358,293017,293017,293017,293017,108.77470000000008,108.77470000000008,108.77470000000008
175,"2018-05-13 21:00:00",1526245200,109.384,109.672,109.207,109.652,294240,294240,294240,294240,108.90200000000009,108.90200000000009,108.90200000000009
176,"2018-05-14 21:00:00",1526331600,109.652,110.454,109.648,110.342,360441,360441,360441,360441,109.06955000000009,109.06955000000009,109.06955000000009
177,"2018-05-15 21:00:00",1526418000,110.342,110.404,110.04,110.394,368272,368272,368272,368272,109.2280000000001,109.2280000000001,109.2280000000001
178,"2018-05-16 21:00:00",1526504400,110.394,110.859,110.073,110.75,350084,350084,350084,350084,109.39760000000008,109.39760000000008,109.39760000000008
179,"2018-05-17 21:00:00",1526590800,110.75,111.081,110.607,110.736,318180,318180,318180,318180,109.55360000000007,109.55360000000007,109.55360000000007
180,"2018-05-20 21:00:00",1526850000,110.873,111.397,110.821,111.037,276264,276264,276264,276264,109.67045000000007,109.67045000000007,109.67045000000007
181,"2018-05-21 21:00:00",1526936400,111.037,111.186,110.796,110.894,313343,313343,313343,313343,109.77475000000008,109.77475000000008,109.77475000000008
182,"2018-05-22 21:00:00",1527022800,110.894,110.919,109.557,110.079,495247,495247,495247,495247,109.80780000000009,109.80780000000009,109.80780000000009
183,"2018-05-23 21:00:00",1527109200,110.079,110.095,108.955,109.244,454109,454109,454109,454109,109.8053000000001,109.8053000000001,109.8053000000001
184,"2018-05-24 21:00:00",1527195600,109.244,109.744,109.122,109.362,394644,394644,394644,394644,109.82230000000011,109.82230000000011,109.82230000000011
185,"2018-05-27 21:00:00",1527454800,109.746,109.83,109.232,109.404,300966,300966,300966,300966,109.82620000000011,109.82620000000011,109.82620000000011
186,"2018-05-28 21:00:00",1527541200,109.404,109.469,108.112,108.754,573724,573724,573724,573724,109.7708000000001,109.7708000000001,109.7708000000001
187,"2018-05-29 21:00:00",1527627600,108.754,109.075,108.351,108.905,496951,496951,496951,496951,109.72475000000011,109.72475000000011,109.72475000000011
188,"2018-05-30 21:00:00",1527714000,108.905,109.005,108.386,108.803,450929,450929,450929,450929,109.70590000000011,109.70590000000011,109.70590000000011
189,"2018-05-31 21:00:00",1527800400,108.803,109.733,108.722,109.488,367106,367106,367106,367106,109.7275000000001,109.7275000000001,109.7275000000001
190,"2018-06-03 21:00:00",1528059600,109.448,109.855,109.371,109.813,282567,282567,282567,282567,109.7636500000001,109.7636500000001,109.7636500000001
191,"2018-06-04 21:00:00",1528146000,109.813,110.005,109.472,109.778,316477,316477,316477,316477,109.79625000000007,109.79625000000007,109.79625000000007
192,"2018-06-05 21:00:00",1528232400,109.778,110.267,109.771,110.18,309744,309744,309744,309744,109.81805000000006,109.81805000000006,109.81805000000006
193,"2018-06-06 21:00:00",1528318800,110.18,110.221,109.476,109.694,360263,360263,360263,360263,109.83335000000007,109.83335000000007,109.83335000000007
194,"2018-06-07 21:00:00",1528405200,109.694,109.853,109.199,109.509,355496,355496,355496,355496,109.84090000000006,109.84090000000006,109.84090000000006
195,"2018-06-10 21:00:00",1528664400,109.284,110.118,109.284,110.033,264296,264296,264296,264296,109.85995000000005,109.85995000000005,109.85995000000005
196,"2018-06-11 21:00:00",1528750800,110.033,110.494,109.963,110.364,330890,330890,330890,330890,109.86105000000005,109.86105000000005,109.86105000000005
197,"2018-06-12 21:00:00",1528837200,110.364,110.849,110.271,110.336,289490,289490,289490,289490,109.85815000000002,109.85815000000002,109.85815000000002
198,"2018-06-13 21:00:00",1528923600,110.336,110.694,109.918,110.62,290321,290321,290321,290321,109.85165000000002,109.85165000000002,109.85165000000002
199,"2018-06-14 21:00:00",1529010000,110.62,110.904,110.386,110.644,255401,255401,255401,255401,109.84705000000004,109.84705000000004,109.84705000000004
200,"2018-06-17 21:00:00",1529269200,110.66,110.736,110.3,110.542,154101,154101,154101,154101,109.82230000000004,109.82230000000004,109.82230000000004
201,"2018-06-18 21:00:00",1529355600,110.542,110.574,109.55,110.051,306108,306108,306108,306108,109.78015000000005,109.78015000000005,109.78015000000005
202,"2018-06-19 21:00:00",1529442000,110.051,110.451,109.854,110.36,225376,225376,225376,225376,109.79420000000005,109.79420000000005,109.79420000000005
203,"2018-06-20 21:00:00",1529528400,110.36,110.757,109.842,109.957,263986,263986,263986,263986,109.82985000000004,109.82985000000004,109.82985000000004
204,"2018-06-21 21:00:00",1529614800,109.957,110.218,109.801,109.976,212664,212664,212664,212664,109.86055000000003,109.86055000000003,109.86055000000003
205,"2018-06-24 21:00:00",1529874000,109.843,110.04,109.367,109.74,227387,227387,227387,227387,109.87735000000002,109.87735000000002,109.87735000000002
206,"2018-06-25 21:00:00",1529960400,109.74,110.219,109.369,110.017,218462,218462,218462,218462,109.94050000000001,109.94050000000001,109.94050000000001
207,"2018-06-26 21:00:00",1530046800,110.017,110.49,109.685,110.26,340808,340808,340808,340808,110.00825000000002,110.00825000000002,110.00825000000002
208,"2018-06-27 21:00:00",1530133200,110.26,110.649,109.966,110.49,316354,316354,316354,316354,110.09260000000002,110.09260000000002,110.09260000000002
209,"2018-06-28 21:00:00",1530219600,110.49,110.943,110.374,110.666,323021,323021,323021,323021,110.15150000000003,110.15150000000003,110.15150000000003
210,"2018-07-01 21:00:00",1530478800,110.65,111.063,110.592,110.896,298851,298851,298851,298851,110.20565000000003,110.20565000000003,110.20565000000003
211,"2018-07-02 21:00:00",1530565200,110.896,111.135,110.508,110.573,297494,297494,297494,297494,110.24540000000005,110.24540000000005,110.24540000000005
212,"2018-07-03 21:00:00",1530651600,110.573,110.608,110.277,110.48,295074,295074,295074,295074,110.26040000000005,110.26040000000005,110.26040000000005
213,"2018-07-04 21:00:00",1530738000,110.48,110.741,110.288,110.589,316198,316198,316198,316198,110.30515000000005,110.30515000000005,110.30515000000005
214,"2018-07-05 21:00:00",1530824400,110.589,110.787,110.379,110.449,256027,256027,256027,256027,110.35215000000005,110.35215000000005,110.35215000000005
215,"2018-07-08 21:00:00",1531083600,110.411,110.903,110.35,110.846,225911,225911,225911,225911,110.39280000000005,110.39280000000005,110.39280000000005
216,"2018-07-09 21:00:00",1531170000,110.846,111.354,110.791,110.996,226707,226707,226707,226707,110.42440000000006,110.42440000000006,110.42440000000006
217,"2018-07-10 21:00:00",1531256400,110.996,112.174,110.767,112.014,383815,383815,383815,383815,110.50830000000008,110.50830000000008,110.50830000000008
218,"2018-07-11 21:00:00",1531342800,112.014,112.627,111.915,112.534,302016,302016,302016,302016,110.60400000000008,110.60400000000008,110.60400000000008
219,"2018-07-12 21:00:00",1531429200,112.534,112.801,112.276,112.33,252161,252161,252161,252161,110.68830000000007,110.68830000000007,110.68830000000007
220,"2018-07-15 21:00:00",1531688400,112.2,112.562,112.198,112.272,200248,200248,200248,200248,110.77480000000007,110.77480000000007,110.77480000000007
221,"2018-07-16 21:00:00",1531774800,112.272,112.925,112.228,112.871,286666,286666,286666,286666,110.91580000000008,110.91580000000008,110.91580000000008
222,"2018-07-17 21:00:00",1531861200,112.871,113.138,112.71,112.835,251874,251874,251874,251874,111.03955000000008,111.03955000000008,111.03955000000008
223,"2018-07-18 21:00:00",1531947600,112.835,113.176,112.064,112.462,313821,313821,313821,313821,111.16480000000008,111.16480000000008,111.16480000000008
224,"2018-07-19 21:00:00",1532034000,112.462,112.623,111.382,111.422,395510,395510,395510,395510,111.23710000000008,111.23710000000008,111.23710000000008
225,"2018-07-22 21:00:00",1532293200,111.38,111.544,110.752,111.338,306919,306919,306919,306919,111.31700000000009,111.31700000000009,111.31700000000009
226,"2018-07-23 21:00:00",1532379600,111.338,111.514,110.961,111.191,270483,270483,270483,270483,111.3757000000001,111.3757000000001,111.3757000000001
227,"2018-07-24 21:00:00",1532466000,111.191,111.385,110.664,110.982,305785,305785,305785,305785,111.41180000000008,111.41180000000008,111.41180000000008
228,"2018-07-25 21:00:00",1532552400,110.982,111.25,110.588,111.22,289155,289155,289155,289155,111.44830000000009,111.44830000000009,111.44830000000009
229,"2018-07-26 21:00:00",1532638800,111.22,111.247,110.797,110.972,252951,252951,252951,252951,111.46360000000008,111.46360000000008,111.46360000000008
230,"2018-07-29 21:00:00",1532898000,110.934,111.165,110.89,111.042,206519,206519,206519,206519,111.47090000000007,111.47090000000007,111.47090000000007
231,"2018-07-30 21:00:00",1532984400,111.042,111.959,110.734,111.868,358316,358316,358316,358316,111.53565000000008,111.53565000000008,111.53565000000008
232,"2018-07-31 21:00:00",1533070800,111.868,112.152,111.389,111.718,269418,269418,269418,269418,111.59755000000007,111.59755000000007,111.59755000000007
233,"2018-08-01 21:00:00",1533157200,111.718,111.738,111.313,111.654,275022,275022,275022,275022,111.65080000000007,111.65080000000007,111.65080000000007
234,"2018-08-02 21:00:00",1533243600,111.654,111.879,111.101,111.225,247121,247121,247121,247121,111.68960000000007,111.68960000000007,111.68960000000007
235,"2018-08-05 21:00:00",1533502800,111.215,111.527,111.15,111.404,139748,139748,139748,139748,111.71750000000006,111.71750000000006,111.71750000000006
236,"2018-08-06 21:00:00",1533589200,111.404,111.479,110.992,111.379,189085,189085,189085,189085,111.73665000000005,111.73665000000005,111.73665000000005
237,"2018-08-07 21:00:00",1533675600,111.379,111.439,110.837,110.959,181042,181042,181042,181042,111.68390000000004,111.68390000000004,111.68390000000004
238,"2018-08-08 21:00:00",1533762000,110.959,111.185,110.707,111.08,203144,203144,203144,203144,111.61120000000003,111.61120000000003,111.61120000000003
239,"2018-08-09 21:00:00",1533848400,111.08,111.17,110.515,110.819,336862,336862,336862,336862,111.53565000000003,111.53565000000003,111.53565000000003
240,"2018-08-12 21:00:00",1534107600,110.446,110.94,110.11,110.71,286647,286647,286647,286647,111.45755000000004,111.45755000000004,111.45755000000004
241,"2018-08-13 21:00:00",1534194000,110.71,111.315,110.587,111.143,236796,236796,236796,236796,111.37115000000003,111.37115000000003,111.37115000000003
242,"2018-08-14 21:00:00",1534280400,111.143,111.431,110.432,110.742,288029,288029,288029,288029,111.26650000000004,111.26650000000004,111.26650000000004
243,"2018-08-15 21:00:00",1534366800,110.742,111.124,110.459,110.898,296376,296376,296376,296376,111.18830000000005,111.18830000000005,111.18830000000005
244,"2018-08-16 21:00:00",1534453200,110.898,111.052,110.315,110.463,232450,232450,232450,232450,111.14035000000005,111.14035000000005,111.14035000000005
245,"2018-08-19 21:00:00",1534712400,110.586,110.684,110.021,110.07,168795,168795,168795,168795,111.07695000000005,111.07695000000005,111.07695000000005
246,"2018-08-20 21:00:00",1534798800,110.07,110.547,109.774,110.291,220985,220985,220985,220985,111.03195000000008,111.03195000000008,111.03195000000008
247,"2018-08-21 21:00:00",1534885200,110.291,110.617,110.027,110.555,220251,220251,220251,220251,111.01060000000007,111.01060000000007,111.01060000000007
248,"2018-08-22 21:00:00",1534971600,110.555,111.316,110.519,111.28,213238,213238,213238,213238,111.01360000000008,111.01360000000008,111.01360000000008
249,"2018-08-23 21:00:00",1535058000,111.28,111.487,111.103,111.225,225752,225752,225752,225752,111.02625000000008,111.02625000000008,111.02625000000008
250,"2018-08-26 21:00:00",1535317200,111.314,111.348,110.936,111.074,150392,150392,150392,150392,111.02785000000009,111.02785000000009,111.02785000000009
251,"2018-08-27 21:00:00",1535403600,111.074,111.356,110.954,111.191,191176,191176,191176,191176,110.99400000000007,110.99400000000007,110.99400000000007
252,"2018-08-28 21:00:00",1535490000,111.191,111.828,111.122,111.677,230476,230476,230476,230476,110.99195000000009,110.99195000000009,110.99195000000009
253,"2018-08-29 21:00:00",1535576400,111.677,111.756,110.953,110.984,211097,211097,211097,211097,110.95845000000008,110.95845000000008,110.95845000000008
254,"2018-08-30 21:00:00",1535662800,110.984,111.135,110.685,111.047,237312,237312,237312,237312,110.94955000000009,110.94955000000009,110.94955000000009
255,"2018-09-02 21:00:00",1535922000,111.091,111.188,110.85,111.035,175966,175966,175966,175966,110.93110000000009,110.93110000000009,110.93110000000009
256,"2018-09-03 21:00:00",1536008400,111.035,111.533,110.9,111.439,216238,216238,216238,216238,110.93410000000009,110.93410000000009,110.93410000000009
257,"2018-09-04 21:00:00",1536094800,111.439,111.758,111.358,111.524,236973,236973,236973,236973,110.96235000000009,110.96235000000009,110.96235000000009
258,"2018-09-05 21:00:00",1536181200,111.524,111.532,110.52,110.746,249645,249645,249645,249645,110.94565000000009,110.94565000000009,110.94565000000009
259,"2018-09-06 21:00:00",1536267600,110.746,111.247,110.38,111.043,264756,264756,264756,264756,110.9568500000001,110.9568500000001,110.9568500000001
260,"2018-09-09 21:00:00",1536526800,111.043,111.249,110.85,111.1,161417,161417,161417,161417,110.9763500000001,110.9763500000001,110.9763500000001
261,"2018-09-10 21:00:00",1536613200,111.1,111.642,111.063,111.628,162512,162512,162512,162512,111.0006000000001,111.0006000000001,111.0006000000001
262,"2018-09-11 21:00:00",1536699600,111.628,111.651,111.114,111.254,179794,179794,179794,179794,111.02620000000009,111.02620000000009,111.02620000000009
263,"2018-09-12 21:00:00",1536786000,111.254,111.999,111.17,111.922,202422,202422,202422,202422,111.07740000000008,111.07740000000008,111.07740000000008
264,"2018-09-13 21:00:00",1536872400,111.922,112.169,111.753,112.051,187834,187834,187834,187834,111.15680000000006,111.15680000000006,111.15680000000006
265,"2018-09-16 21:00:00",1537131600,112.03,112.122,111.761,111.839,141546,141546,141546,141546,111.24525000000006,111.24525000000006,111.24525000000006
266,"2018-09-17 21:00:00",1537218000,111.839,112.39,111.663,112.353,247027,247027,247027,247027,111.34835000000005,111.34835000000005,111.34835000000005
267,"2018-09-18 21:00:00",1537304400,112.353,112.446,112.161,112.262,189643,189643,189643,189643,111.43370000000007,111.43370000000007,111.43370000000007
268,"2018-09-19 21:00:00",1537390800,112.262,112.584,112.042,112.482,224640,224640,224640,224640,111.49380000000005,111.49380000000005,111.49380000000005
269,"2018-09-20 21:00:00",1537477200,112.482,112.874,112.427,112.553,190479,190479,190479,190479,111.56020000000005,111.56020000000005,111.56020000000005
270,"2018-09-23 21:00:00",1537736400,112.403,112.838,112.403,112.771,133912,133912,133912,133912,111.64505000000005,111.64505000000005,111.64505000000005
271,"2018-09-24 21:00:00",1537822800,112.771,112.981,112.741,112.968,168235,168235,168235,168235,111.73390000000006,111.73390000000006,111.73390000000006
272,"2018-09-25 21:00:00",1537909200,112.968,113.138,112.631,112.712,215109,215109,215109,215109,111.78565000000006,111.78565000000006,111.78565000000006
273,"2018-09-26 21:00:00",1537995600,112.712,113.468,112.561,113.358,201171,201171,201171,201171,111.90435000000006,111.90435000000006,111.90435000000006
274,"2018-09-27 21:00:00",1538082000,113.358,113.714,113.317,113.678,198062,198062,198062,198062,112.03590000000005,112.03590000000005,112.03590000000005
275,"2018-09-30 21:00:00",1538341200,113.706,114.062,113.69,113.898,156531,156531,156531,156531,112.17905000000007,112.17905000000007,112.17905000000007
276,"2018-10-01 21:00:00",1538427600,113.898,114.017,113.528,113.612,192720,192720,192720,192720,112.28770000000009,112.28770000000009,112.28770000000009
277,"2018-10-02 21:00:00",1538514000,113.612,114.542,113.522,114.53,194263,194263,194263,194263,112.4380000000001,112.4380000000001,112.4380000000001
278,"2018-10-03 21:00:00",1538600400,114.53,114.55,113.632,113.876,262667,262667,262667,262667,112.59450000000011,112.59450000000011,112.59450000000011
279,"2018-10-04 21:00:00",1538686800,113.876,114.101,113.558,113.701,263091,263091,263091,263091,112.7274000000001,112.7274000000001,112.7274000000001
280,"2018-10-07 21:00:00",1538946000,113.766,113.943,112.822,113.228,184647,184647,184647,184647,112.83380000000011,112.83380000000011,112.83380000000011
281,"2018-10-08 21:00:00",1539032400,113.228,113.392,112.869,112.952,321755,321755,321755,321755,112.90000000000012,112.90000000000012,112.90000000000012
282,"2018-10-09 21:00:00",1539118800,112.952,113.287,112.245,112.273,329174,329174,329174,329174,112.95095000000012,112.95095000000012,112.95095000000012
283,"2018-10-10 21:00:00",1539205200,112.273,112.534,111.831,112.164,576965,576965,576965,576965,112.96305000000014,112.96305000000014,112.96305000000014
284,"2018-10-11 21:00:00",1539291600,112.164,112.497,111.879,112.206,363234,363234,363234,363234,112.97080000000014,112.97080000000014,112.97080000000014
285,"2018-10-14 21:00:00",1539550800,112.136,112.236,111.625,111.764,321723,321723,321723,321723,112.96705000000016,112.96705000000016,112.96705000000016
286,"2018-10-15 21:00:00",1539637200,111.764,112.339,111.733,112.25,258768,258768,258768,258768,112.96190000000016,112.96190000000016,112.96190000000016
287,"2018-10-16 21:00:00",1539723600,112.25,112.676,112.015,112.642,288748,288748,288748,288748,112.98090000000013,112.98090000000013,112.98090000000013
288,"2018-10-17 21:00:00",1539810000,112.642,112.731,111.948,112.174,738024,738024,738024,738024,112.96550000000013,112.96550000000013,112.96550000000013
289,"2018-10-18 21:00:00",1539896400,112.174,112.648,112.141,112.511,373024,373024,373024,373024,112.96340000000014,112.96340000000014,112.96340000000014
290,"2018-10-21 21:00:00",1540155600,112.59,112.886,112.351,112.814,296473,296473,296473,296473,112.96555000000012,112.96555000000012,112.96555000000012
291,"2018-10-22 21:00:00",1540242000,112.814,112.84,111.952,112.438,407639,407639,407639,407639,112.93905000000014,112.93905000000014,112.93905000000014
292,"2018-10-23 21:00:00",1540328400,112.438,112.743,112.089,112.24,461421,461421,461421,461421,112.91545000000012,112.91545000000012,112.91545000000012
293,"2018-10-24 21:00:00",1540414800,112.24,112.673,111.82,112.394,433204,433204,433204,433204,112.8672500000001,112.8672500000001,112.8672500000001
294,"2018-10-25 21:00:00",1540501200,112.394,112.44300000000001,111.378,111.873,590704,590704,590704,590704,112.77700000000011,112.77700000000011,112.77700000000011
295,"2018-10-28 21:00:00",1540760400,111.863,112.56,111.777,112.36,406926,406926,406926,406926,112.7001000000001,112.7001000000001,112.7001000000001
296,"2018-10-29 21:00:00",1540846800,112.36,113.117,112.305,113.116,415779,415779,415779,415779,112.6753000000001,112.6753000000001,112.6753000000001
297,"2018-10-30 21:00:00",1540933200,113.116,113.384,112.80600000000001,112.94200000000001,300761,300761,300761,300761,112.5959000000001,112.5959000000001,112.5959000000001
298,"2018-10-31 21:00:00",1541019600,112.94200000000001,113.00200000000001,112.607,112.697,280331,280331,280331,280331,112.53695000000009,112.53695000000009,112.53695000000009
299,"2018-11-01 21:00:00",1541106000,112.697,113.32100000000001,112.561,113.191,344951,344951,344951,344951,112.51145000000008,112.51145000000008,112.51145000000008